domain,note
24h.com.vn,
abbank.vn,
acb.com.vn,
agoda.com,
agribank.com.vn,
ais.gov.vn,
apple.com,
bacabank.com.vn,
bachhoaxanh.com,
baochinhphu.vn,
baovietbank.vn,
be.com.vn,
bidv.com.vn,
bit.ly,rút gọn link, chặn theo luật riêng
bocongan.gov.vn,
booking.com,
cake.vn,
cand.com.vn,
cellphones.com.vn,
chat.zalo.me,
chinhphu.vn,
chongluadao.vn,
congan.com.vn,
dantri.com.vn,
dichvucong.gov.vn,
dienmayxanh.com,
evn.com.vn,
eximbank.com.vn,
facebook.com,
fb.com,
fpt.com.vn,
fpt.vn,
fptshop.com.vn,
gdt.gov.vn,
ghn.vn,
ghtk.vn,
github.com,
gmail.com,
goo.gl,rút gọn link, chặn theo luật riêng
google.com,
google.com.vn,
gov.vn,
grab.com,
hdbank.com.vn,
instagram.com,
jtexpress.vn,
kenh14.vn,
khonggianmang.vn,
kienlongbank.com,
laodong.vn,
lazada.vn,
live.com,
lpbank.com.vn,
mbbank.com.vn,
messenger.com,
mic.gov.vn,
microsoft.com,
mobifone.vn,
momo.vn,
mps.gov.vn,
msb.com.vn,
namabank.com.vn,
napas.com.vn,
ncb-bank.vn,
nguyenkim.com,
nhandan.vn,
nld.com.vn,
ocb.com.vn,
outlook.com,
plo.vn,
pvcombank.com.vn,
sacombank.com.vn,
saigonbank.com.vn,
sbv.gov.vn,
seabank.com.vn,
sendo.vn,
shb.com.vn,
shopee.vn,
shopeepay.vn,
t.me,
techcombank.com,
techcombank.com.vn,
telegram.org,
thanhnien.vn,
thegioididong.com,
tiki.vn,
tiktok.com,
timo.vn,
tinnhiemmang.vn,
tinyurl.com,rút gọn link, chặn theo luật riêng
tpb.vn,
traveloka.com,
tuoitre.vn,
vcbdigibank.vietcombank.com.vn,
vib.com.vn,
vietabank.com.vn,
vietcombank.com.vn,
vietinbank.vn,
vietjetair.com,
vietnamairlines.com,
vietnamnet.vn,
vietnamplus.vn,
viettel.com.vn,
viettel.vn,
viettelmoney.vn,
viettelpost.com.vn,
vinaphone.com.vn,
vncert.vn,
vneid.gov.vn,
vnexpress.net,
vnpay.vn,
vnpost.vn,
vnpt.com.vn,
vnpt.vn,
vov.vn,
vpbank.com.vn,
vtv.vn,
wikipedia.org,
xanhsm.com,
youtu.be,
youtube.com,
zalo.me,
zalo.vn,
zalopay.vn,
zingnews.vn,
znews.vn,
