domain,source,source_url,first_seen,evidence
8965.crnikjhek.top,tinnhiemmang-website-lua-dao,https://tinnhiemmang.vn/website-lua-dao,2026-10-05,Có trong danh sách website lừa đảo của nguồn tinnhiemmang-website-lua-dao
amazou2.com,tinnhiemmang-website-lua-dao,https://tinnhiemmang.vn/website-lua-dao,2026-10-05,Có trong danh sách website lừa đảo của nguồn tinnhiemmang-website-lua-dao
amzzcbe-vn.com,tinnhiemmang-website-lua-dao,https://tinnhiemmang.vn/website-lua-dao,2026-10-05,Có trong danh sách website lừa đảo của nguồn tinnhiemmang-website-lua-dao
chinhphu2025.com,tinnhiemmang-website-lua-dao,https://tinnhiemmang.vn/website-lua-dao,2026-10-05,Có trong danh sách website lừa đảo của nguồn tinnhiemmang-website-lua-dao
ctygiaohangtietkiemm1.com,tinnhiemmang-website-lua-dao,https://tinnhiemmang.vn/website-lua-dao,2026-10-05,Có trong danh sách website lừa đảo của nguồn tinnhiemmang-website-lua-dao
doitacchienluoc.com,tinnhiemmang-website-lua-dao,https://tinnhiemmang.vn/website-lua-dao,2026-10-05,Có trong danh sách website lừa đảo của nguồn tinnhiemmang-website-lua-dao
dvc.bcavn.cc,tinnhiemmang-website-lua-dao,https://tinnhiemmang.vn/website-lua-dao,2026-10-05,Có trong danh sách website lừa đảo của nguồn tinnhiemmang-website-lua-dao
hcmphattrien.com,tinnhiemmang-website-lua-dao,https://tinnhiemmang.vn/website-lua-dao,2026-10-05,Có trong danh sách website lừa đảo của nguồn tinnhiemmang-website-lua-dao
hhkkd3.com,tinnhiemmang-website-lua-dao,https://tinnhiemmang.vn/website-lua-dao,2026-10-05,Có trong danh sách website lừa đảo của nguồn tinnhiemmang-website-lua-dao
mall2024tn.com,tinnhiemmang-website-lua-dao,https://tinnhiemmang.vn/website-lua-dao,2026-10-05,Có trong danh sách website lừa đảo của nguồn tinnhiemmang-website-lua-dao
mallsvipshop.top,tinnhiemmang-website-lua-dao,https://tinnhiemmang.vn/website-lua-dao,2026-10-05,Có trong danh sách website lừa đảo của nguồn tinnhiemmang-website-lua-dao
muacard.online,tinnhiemmang-website-lua-dao,https://tinnhiemmang.vn/website-lua-dao,2026-10-05,Có trong danh sách website lừa đảo của nguồn tinnhiemmang-website-lua-dao
napgamex5.com,tinnhiemmang-website-lua-dao,https://tinnhiemmang.vn/website-lua-dao,2026-10-05,Có trong danh sách website lừa đảo của nguồn tinnhiemmang-website-lua-dao
shop-worldwide-amz.top,tinnhiemmang-website-lua-dao,https://tinnhiemmang.vn/website-lua-dao,2026-10-05,Có trong danh sách website lừa đảo của nguồn tinnhiemmang-website-lua-dao
sp6708p.com,tinnhiemmang-website-lua-dao,https://tinnhiemmang.vn/website-lua-dao,2026-10-05,Có trong danh sách website lừa đảo của nguồn tinnhiemmang-website-lua-dao
tiktokshopseller-vn.com,tinnhiemmang-website-lua-dao,https://tinnhiemmang.vn/website-lua-dao,2026-10-05,Có trong danh sách website lừa đảo của nguồn tinnhiemmang-website-lua-dao
tuyendungapple.com,tinnhiemmang-website-lua-dao,https://tinnhiemmang.vn/website-lua-dao,2026-10-05,Có trong danh sách website lừa đảo của nguồn tinnhiemmang-website-lua-dao
vnttiktok.cc,tinnhiemmang-website-lua-dao,https://tinnhiemmang.vn/website-lua-dao,2026-10-05,Có trong danh sách website lừa đảo của nguồn tinnhiemmang-website-lua-dao
vtp-vandon.online,tinnhiemmang-website-lua-dao,https://tinnhiemmang.vn/website-lua-dao,2026-10-05,Có trong danh sách website lừa đảo của nguồn tinnhiemmang-website-lua-dao
youtubercash.com,tinnhiemmang-website-lua-dao,https://tinnhiemmang.vn/website-lua-dao,2026-10-05,Có trong danh sách website lừa đảo của nguồn tinnhiemmang-website-lua-dao
