id,text,origin,source,source_url,collected_at,hint_label,hint_channel,suggested_label,suggested_scam_type,suggested_channel,confidence,note
cand_000001,Vận chuyển trái phép hàng hóa qua biên giới,news,public_post,https://bocongan.gov.vn/bai-viet/canh-giac-thu-doan-bat-coc-online-gia-danh-cong-an-co-lap-sinh-vien-de-chiem-doat-tien-1791168262,2026-10-05,,,,,,,
cand_000002,", 43 tuổi, ngụ P.Đông Quang, Thanh Hóa), thành viên góp vốn Công ty ALMA. Tuấn",news,public_post,https://thanhnien.vn/cuu-can-bo-kiem-lam-lua-nhom-cua-tuan-than-den-660-trieu-dong-185261004165321544.htm,2026-10-05,,,,,,,
cand_000003,Xâm phạm quyền sở hữu công nghiệp,news,public_post,https://thanhnien.vn/cong-an-tphcm-khoi-to-giam-doc-cong-ty-dwatch-vi-ban-dong-ho-trang-suc-gia-185261002152503133.htm,2026-10-05,,,,,,,
cand_000004,", lấy cắp hình ảnh trước và sau khi làm đẹp của các cơ sở khác rồi cắt ghép,",news,public_post,https://thanhnien.vn/khoi-to-chu-tiem-tham-my-dung-anh-cat-ghep-lua-khach-tiem-filler-18526100211150285.htm,2026-10-05,,,,,,,
cand_000005,"10 tháng sử dụng miễn phí nước yến sào, mỗi tháng 1 hộp, mỗi hộp có 6 lon",news,public_post,https://vietnamnet.vn/ong-trum-mua-1-1-ty-du-lieu-ca-nhan-dieu-hanh-duong-day-lua-nguoi-gia-yeu-2561191.html,2026-10-05,,,,,,,
cand_000006,"Sử dụng tài liệu giả của cơ quan, tổ chức",news,public_post,https://vietnamnet.vn/bat-giam-ke-lua-2-4-ty-dong-cua-nguoi-dan-ong-o-can-tho-2559638.html,2026-10-05,,,,,,,
cand_000007,"Lừa đảo chiếm đoạt tài sản, đưa hối lộ, nhận hối lộ xảy ra tại Công ty CP tập đoàn giáo dục Egroup, Công ty CP Đầu tư và phân phối Egame, Công ty CP Thương mại dịch vụ Nhất Trần",news,public_post,https://vietnamnet.vn/canh-tay-dac-luc-giup-shark-thuy-lua-hon-8-459-ty-dong-cua-10-123-nha-dau-tu-2559344.html,2026-10-05,,,,,,,
cand_000008,"Nay tôi được biết Phòng An ninh mạng Công an tỉnh Hà Tĩnh đã bắt giữ các đối tượng lừa đảo nói trên. Tôi hết sức vui mừng và thể hiện lòng biết ơn đối với Công an tỉnh Hà Tĩnh vì đã lấy lại uy tín, danh dự cho giáo xứ Đông Hòa",news,public_post,https://tuoitre.vn/linh-muc-gui-thu-cam-on-cong-an-ha-tinh-sau-vu-bat-giu-2-nghi-pham-mao-danh-giao-xu-de-lua-dao-100261002105002347.htm,2026-10-05,,,,,,,
cand_000009,"Để đấu tranh, ngăn chặn đối với loại tội phạm này, cơ quan điều tra không chỉ điều tra, làm rõ, xử lý các hành vi hoạt động hiện hành của các đối tượng, mà còn tiếp tục xác minh, điều tra, làm rõ tất cả các hành vi vi phạm pháp luật trước đó của các đối tượng để xử lý triệt để theo quy định của pháp luật",news,public_post,https://dantri.com.vn/phap-luat/huan-hoa-hong-hai-sapa-tv-vua-quat-nguy-hiem-nhu-the-nao-20261002124142681.htm,2026-10-05,,,,,,,
cand_000010,không sử dụng nên để lại giá rẻ,news,public_post,https://dantri.com.vn/phap-luat/canh-giac-chieu-lua-ban-do-gia-dinh-gia-re-tren-facebook-20261002055824792.htm,2026-10-05,,,,,,,
